{
    "AWSTemplateFormatVersion": "2010-09-09",
    "Description": "Monitoring Lab",
    "Parameters": {
        "KeyName": {
            "Type": "String",
            "Description": "Keyname for the keypair that will use to launch EC2 instances",
            "Default": "My-SysOps-LAB-KP"
        },
        "AmazonLinuxAMIID": {
            "Type": "AWS::SSM::Parameter::Value<AWS::EC2::Image::Id>",
            "Default": "/aws/service/ami-amazon-linux-latest/amzn-ami-hvm-x86_64-gp2"
        },
        "VPC": {
            "Type": "String",
            "Description": "VpcId of your existing Virtual Private Cloud (VPC)",
            "Default": "vpc-062333b430d623266"
        },
        "PublicSubnet": {
            "Type": "String",
            "Description": "SubnetId of an existing subnet in your Virtual Private Cloud (VPC)",
            "Default": "subnet-0aae4dfe7e52b41e1"
        }
    },
    "Resources": {
            "AppInstanceProfile": {
            "Type": "AWS::IAM::InstanceProfile",
            "Properties": {
                "Path": "/",
                "Roles": [
                    {
                        "Ref": "AppRole"
                    }
                ],
                "InstanceProfileName": "App-Role"
            }
        },
        "AppRole": {
            "Type": "AWS::IAM::Role",
            "Properties": {
                "RoleName": "App-Role",
                "ManagedPolicyArns": [
                    "arn:aws:iam::aws:policy/CloudWatchAgentServerPolicy",
                    "arn:aws:iam::aws:policy/CloudWatchLogsFullAccess",
                    "arn:aws:iam::aws:policy/AmazonSSMManagedInstanceCore"
                ],
                "AssumeRolePolicyDocument": {
                    "Version": "2012-10-17",
                    "Statement": [
                        {
                            "Effect": "Allow",
                            "Principal": {
                                "Service": [
                                    "ec2.amazonaws.com",
                                    "ssm.amazonaws.com"
                                ]
                            },
                            "Action": [
                                "sts:AssumeRole"
                            ]
                        }
                    ]
                },
                "Policies": [
                    {
                        "PolicyName": "App-role-policy",
                        "PolicyDocument": {
                            "Version": "2012-10-17",
                            "Statement": [
                                {
                                    "Effect": "Allow",
                                    "Action": "ssm:GetParameter",
                                    "Resource": "*"
                                }
                            ]
                        }
                    }
                ]
            }
        },
        "AppSecurityGroup": {
            "Type": "AWS::EC2::SecurityGroup",
            "Properties": {
                "GroupName": "AppSecurityGroup",
                "GroupDescription": "Enable HTTP ingress",
                "VpcId": {
                    "Ref": "VPC"
                },
                "SecurityGroupIngress": [
                    {
                        "IpProtocol": "tcp",
                        "FromPort": 80,
                        "ToPort": 80,
                        "CidrIp": "0.0.0.0/0"
                    }
                ],
                "Tags": [
                    {
                        "Key": "Name",
                        "Value": "App Server Security Group"
                    }
                ]
            }
        },
        "AppInstance": {
            "Type": "AWS::EC2::Instance",
            "DependsOn": [
                "AppInstanceProfile",
                "AppSecurityGroup"
            ],
            "Properties": {
                "KeyName": {
                    "Ref": "KeyName"
                },
                "IamInstanceProfile": {
                    "Ref": "AppInstanceProfile"
                },
                "ImageId": {
                    "Ref": "AmazonLinuxAMIID"
                },
                "InstanceType": "t2.micro",
                "SubnetId": {
                    "Ref": "PublicSubnet"
                },
                "SecurityGroupIds": [
                    {
                        "Ref": "AppSecurityGroup"
                    }
                ],
                "Tags": [
                    {
                        "Key": "Name",
                        "Value": "Web Server"
                    },
                    {
                        "Key": "project",
                        "Value": "lab"
                    }
                ],
                "UserData": {
                    "Fn::Base64": {
                        "Fn::Sub": "#!/bin/bash \nyum update -y --security\nyum -y install httpd php stress\nchkconfig httpd on\n/etc/init.d/httpd start\ncd /var/www/html\nwget https://raw.githubusercontent.com/ahmadzahoory/awssysops/master/lab-09-code.zip\nunzip lab-09-code.zip\n"
                    }
                }
            }
        },
        "UnattachedVolume": {
            "Type": "AWS::EC2::Volume",
            "Properties": {
                "AvailabilityZone": {
                    "Fn::Select": [
                        0,
                        {
                            "Fn::GetAZs": {
                                "Ref": "AWS::Region"
                            }
                        }
                    ]
                },
                "Size": 1,
                "Tags": [
                    {
                        "Key": "Name",
                        "Value": "Unattached Volume"
                    }
                ],
                "VolumeType": "gp2"
            }
        }
    },
    "Outputs": {
        "WebServerIP": {
            "Description": "Outputs to be used to access Web Server",
            "Value": {
                "Fn::Sub": "${AppInstance.PublicIp}"
            }
        }
    }
}
